sku,active,marketplace_id,amazon_marketplace_id,fba_offers,mf_offers,fba_buy_box_eligible,mf_buy_box_eligible,lowest_landed_fba,lowest_landed_mf,buy_box_a_landed,buy_box_b_landed,current_quantity,cost,min_price,auto_min_price,max_price,auto_max_price,manual_price,current_price,current_shipping,fulfillment_type,currency,map_price,asin,condition,featured,has_buy_box,is_buy_box_winner,offer_position,display_group_rank,note
GSNW-UTWA9C,True,6bcb6e01-bb5f-4dda-9d2c-b7e2a171dbc9,ATVPDKIKX0DER,11,15,11,9,35.99,33.0,33.0,42.53,9,16.5,,31.52,,,,35.99,0.0,fba,USD,,B00IJFI3ZC,new_new,True,True,False,4,35475,
PQDF-DQU8Y0,True,6bcb6e01-bb5f-4dda-9d2c-b7e2a171dbc9,ATVPDKIKX0DER,14,15,9,11,25.0,25.0,25.0,25.99,4,12.69,,24.23,,,,25.99,0.0,fba,USD,,B079J267D9,new_new,True,True,False,3,30535,
OPEF-0JCUDS,True,6bcb6e01-bb5f-4dda-9d2c-b7e2a171dbc9,ATVPDKIKX0DER,21,11,0,0,21.37,21.18,,,20,9.8,,,,,,27.66,0.0,fba,USD,,B00F2P3P5U,new_new,False,False,False,0,44372,
LMIU-7O7ZE2,True,6bcb6e01-bb5f-4dda-9d2c-b7e2a171dbc9,ATVPDKIKX0DER,25,4,19,1,20.85,27.08,20.85,,15,14.62,,25.22,,,,25.37,0.0,fba,USD,,B09D4WGB1R,new_new,True,True,False,10,19576,
IDSW-P3H5OJ,True,6bcb6e01-bb5f-4dda-9d2c-b7e2a171dbc9,ATVPDKIKX0DER,13,8,0,0,17.99,18.04,17.99,,40,8.08,,17.27,,,,17.99,0.0,fba,USD,,B084JL2R77,new_new,True,True,True,2,36197,
FIOC-HZGTP5,True,6bcb6e01-bb5f-4dda-9d2c-b7e2a171dbc9,ATVPDKIKX0DER,15,6,0,0,50.69,50.89,50.89,,15,27.64,,45.51,,,,50.89,0.0,fba,USD,,B01M8O211W,new_new,True,True,False,3,114226,
DSDF-FF7WQM,True,6bcb6e01-bb5f-4dda-9d2c-b7e2a171dbc9,ATVPDKIKX0DER,12,3,12,2,27.75,28.98,27.75,,10,14.28,,27.06,,,,27.75,0.0,fba,USD,,B01I5Y3Q62,new_new,True,True,False,2,46266,
W3-5T61-R6MH,True,6bcb6e01-bb5f-4dda-9d2c-b7e2a171dbc9,ATVPDKIKX0DER,12,4,0,0,23.99,24.59,24.0,,20,9.76,,22.06,,,,23.99,0.0,fba,USD,,B09SJ1L8BL,new_new,True,True,False,0,87695,
CGV-A1654,True,6bcb6e01-bb5f-4dda-9d2c-b7e2a171dbc9,ATVPDKIKX0DER,67,28,14,6,18.06,19.87,18.07,19.55,5,16.4,,26.85,,,,27.08,0.0,fba,USD,,B0CCPFN1HT,new_new,False,True,False,0,92693,
1BKH-KLZB-ZYJ9,True,6bcb6e01-bb5f-4dda-9d2c-b7e2a171dbc9,ATVPDKIKX0DER,13,4,0,0,13.9,13.87,13.9,,14,4.86,,12.33,,,,13.9,0.0,fba,USD,,B004O8KA8G,new_new,True,True,False,3,27834,
1BKH-KLZB-ZIMA,True,6bcb6e01-bb5f-4dda-9d2c-b7e2a171dbc9,ATVPDKIKX0DER,12,1,12,1,9.69,19.99,9.7,,19,2.85,,8.88,,,,9.69,0.0,fba,USD,,B0019GVYKO,new_new,True,True,False,0,18103,
1BKH-KLZB-YYF2,True,6bcb6e01-bb5f-4dda-9d2c-b7e2a171dbc9,ATVPDKIKX0DER,12,13,12,8,12.99,12.5,12.99,,15,5.48,,13.52,,,,13.71,0.0,fba,USD,,B0112V2AQM,new_new,True,True,False,8,10670,
1BKH-KLZB-YFOJ,True,6bcb6e01-bb5f-4dda-9d2c-b7e2a171dbc9,ATVPDKIKX0DER,11,1,11,1,12.0,19.98,13.31,,24,5.48,,13.52,,,,13.63,0.0,fba,USD,,B00B10AMI8,new_new,True,True,False,6,2144,
1BKH-KLZB-XYIO,True,6bcb6e01-bb5f-4dda-9d2c-b7e2a171dbc9,ATVPDKIKX0DER,36,3,20,0,8.38,14.96,8.42,,12,3.0,,8.02,,,,9.99,0.0,fba,USD,,B000VK3RPY,new_new,False,True,False,0,2276,
1BKH-KLZB-X9PU,True,6bcb6e01-bb5f-4dda-9d2c-b7e2a171dbc9,ATVPDKIKX0DER,21,6,17,3,12.5,13.65,12.5,,10,5.48,,13.52,,,,13.71,0.0,fba,USD,,B00V0AE3WK,new_new,True,True,False,9,12240,
1BKH-KLZB-X5H5,True,6bcb6e01-bb5f-4dda-9d2c-b7e2a171dbc9,ATVPDKIKX0DER,12,7,12,7,21.78,21.77,22.38,,4,9.08,,21.05,,,,27.47,0.0,fba,USD,,B00CRECTRE,new_new,True,True,False,16,41185,
YX-WTC3-EU3E,True,6bcb6e01-bb5f-4dda-9d2c-b7e2a171dbc9,ATVPDKIKX0DER,9,10,9,10,27.48,26.95,29.97,,16,11.61,,26.03,,,,29.97,0.0,fba,USD,,B07NP2S226,new_new,True,True,True,6,33220,
XJ-HRAK-KGDO,True,6bcb6e01-bb5f-4dda-9d2c-b7e2a171dbc9,ATVPDKIKX0DER,12,7,12,7,13.0,16.2,13.0,,8,4.0,,8.89,,,,20.0,0.0,fba,USD,,B0014CVF48,new_new,True,True,False,18,10135,
UP-2O5V-2EUU,True,6bcb6e01-bb5f-4dda-9d2c-b7e2a171dbc9,ATVPDKIKX0DER,15,4,15,3,23.64,23.75,23.94,,20,9.44,,,,,,25.0,0.0,fba,USD,,B07CKKGQYB,new_new,True,True,False,11,65043,
TF-M07D-JQIS,True,6bcb6e01-bb5f-4dda-9d2c-b7e2a171dbc9,ATVPDKIKX0DER,17,6,17,3,13.59,14.69,13.59,,15,6.32,,12.52,,,,13.59,0.0,fba,USD,,B07CKQS1R8,new_new,True,True,False,4,79082,
V8-W988-JJ6I,True,6bcb6e01-bb5f-4dda-9d2c-b7e2a171dbc9,ATVPDKIKX0DER,6,5,6,4,17.76,15.49,16.48,17.76,5,6.55,,16.03,,,,17.76,0.0,fba,USD,,B00K99RS48,new_new,True,True,False,3,34858,
UU-VBPI-8HBH,True,6bcb6e01-bb5f-4dda-9d2c-b7e2a171dbc9,ATVPDKIKX0DER,28,21,17,3,20.0,18.53,20.15,,10,10.05,,20.5,,,,20.66,0.0,fba,USD,,B01F7I4OYM,new_new,True,True,False,9,52470,
FT-NE9X-RUBV,True,6bcb6e01-bb5f-4dda-9d2c-b7e2a171dbc9,ATVPDKIKX0DER,8,11,8,9,34.99,35.99,34.99,,8,22.1,,34.85,,,,34.99,0.0,fba,USD,,B08DL6RSJX,new_new,True,True,False,2,12376,
0F-NRS2-ZJXF,True,6bcb6e01-bb5f-4dda-9d2c-b7e2a171dbc9,ATVPDKIKX0DER,5,7,5,5,24.53,22.99,24.53,,5,10.13,,20.61,,,,24.53,0.0,fba,USD,,B09XWR53RZ,new_new,True,True,True,6,36935,
02-HVX1-8IQ8,True,6bcb6e01-bb5f-4dda-9d2c-b7e2a171dbc9,ATVPDKIKX0DER,15,10,12,6,23.0,21.99,23.0,24.88,29,11.16,,22.87,,,,28.59,0.0,fba,USD,,B005P0TYIY,new_new,False,True,False,0,24727,
46-Z5H3-QRES,True,6bcb6e01-bb5f-4dda-9d2c-b7e2a171dbc9,ATVPDKIKX0DER,10,15,10,10,21.97,21.98,21.98,,8,10.81,,21.13,,,,21.98,0.0,fba,USD,,B007CBBH2U,new_new,True,True,False,3,26487,
1068514827,True,6bcb6e01-bb5f-4dda-9d2c-b7e2a171dbc9,ATVPDKIKX0DER,14,0,0,0,18.9,,18.9,,25,6.8,,15.91,,,,27.0,0.0,fba,USD,,B0847RZ7FF,new_new,True,True,False,12,38325,
WB-596J-X3B9,False,6bcb6e01-bb5f-4dda-9d2c-b7e2a171dbc9,ATVPDKIKX0DER,20,26,7,13,39.99,38.99,39.18,39.25,0,24.65,,40.83,,,,51.04,0.0,fba,USD,,B0DJ36NC65,new_new,False,True,False,0,66699,
VA-DAEF-PRBD,True,6bcb6e01-bb5f-4dda-9d2c-b7e2a171dbc9,ATVPDKIKX0DER,22,3,18,1,29.0,29.0,29.0,,5,13.93,,27.99,,,,29.0,0.0,fba,USD,,B07PPJ5TG1,new_new,True,True,False,6,66205,
Q7-UHRY-G19F,True,6bcb6e01-bb5f-4dda-9d2c-b7e2a171dbc9,ATVPDKIKX0DER,10,7,10,6,18.34,19.81,18.34,,10,9.81,,17.55,,,,18.34,0.0,fba,USD,,B07XYFPBW1,new_new,True,True,True,1,85618,
KZ-AM4U-JM7I,False,6bcb6e01-bb5f-4dda-9d2c-b7e2a171dbc9,ATVPDKIKX0DER,26,3,19,1,20.25,22.8,20.25,,80,9.45,,16.94,,,,25.5,0.0,fba,USD,,B07H7766J7,new_new,False,True,False,0,31068,
RT-G3W4-PX1B,False,6bcb6e01-bb5f-4dda-9d2c-b7e2a171dbc9,ATVPDKIKX0DER,22,19,10,8,20.28,18.5,18.5,20.28,0,7.8,,17.96,,,,26.94,0.0,fba,USD,,B084ZCTYS2,new_new,False,True,False,0,26254,
H8-EYLJ-MR72,False,6bcb6e01-bb5f-4dda-9d2c-b7e2a171dbc9,ATVPDKIKX0DER,22,11,11,9,35.0,32.44,32.48,35.85,0,16.99,,33.4,,,,50.1,0.0,fba,USD,,B08RBQVK96,new_new,False,True,False,0,31833,
FN-7OON-NXRF,False,6bcb6e01-bb5f-4dda-9d2c-b7e2a171dbc9,ATVPDKIKX0DER,4,3,4,3,31.08,34.3,31.08,,0,16.8,,29.03,,,,49.26,0.0,fba,USD,,B0CCPK4WWF,new_new,False,True,False,0,84643,
1BJ1-PO0S-CUB2,True,6bcb6e01-bb5f-4dda-9d2c-b7e2a171dbc9,ATVPDKIKX0DER,26,5,18,2,19.25,19.61,19.27,,19,10.69,,19.97,,,,19.97,0.0,fba,USD,,B07JQQZMKC,new_new,True,True,False,14,22893,
1BJ1-PO0S-CF0W,True,6bcb6e01-bb5f-4dda-9d2c-b7e2a171dbc9,ATVPDKIKX0DER,24,6,17,2,18.69,19.02,18.7,,19,12.27,,22.2,,,,22.36,0.0,fba,USD,,B07ZDNWSZY,new_new,True,True,False,15,35600,
1BJ1-PO0S-BH85,True,6bcb6e01-bb5f-4dda-9d2c-b7e2a171dbc9,ATVPDKIKX0DER,13,3,13,3,30.79,34.98,30.79,32.79,1,19.7,,32.69,,,,32.79,0.0,fba,USD,,B00TU66PFY,new_new,True,True,False,4,7225,
C9-TL9U-G2RO,True,6bcb6e01-bb5f-4dda-9d2c-b7e2a171dbc9,ATVPDKIKX0DER,25,4,16,4,14.69,14.0,14.0,15.14,20,7.84,,15.95,,,,16.1,0.0,fba,USD,,B072JMQZVQ,new_new,True,True,False,13,25558,
Z1-N83N-RVGM,True,6bcb6e01-bb5f-4dda-9d2c-b7e2a171dbc9,ATVPDKIKX0DER,32,24,0,0,12.95,12.93,12.95,,17,5.66,,12.87,,,,12.95,0.0,fba,USD,,B08XK8T5TK,new_new,True,True,False,4,56514,
VU-SDJD-9ZL3,True,6bcb6e01-bb5f-4dda-9d2c-b7e2a171dbc9,ATVPDKIKX0DER,22,3,19,1,16.45,19.95,18.0,,11,9.95,,18.63,,,,18.86,0.0,fba,USD,,B06WWDQ5LJ,new_new,True,True,False,10,34637,
MS-QONX-EYPB,True,6bcb6e01-bb5f-4dda-9d2c-b7e2a171dbc9,ATVPDKIKX0DER,25,2,20,0,15.0,19.76,16.41,,12,8.69,,16.85,,,,16.87,0.0,fba,USD,,B01LVZ4L9F,new_new,True,True,False,10,51561,
HC-4P7W-LNNQ,True,6bcb6e01-bb5f-4dda-9d2c-b7e2a171dbc9,ATVPDKIKX0DER,29,4,18,2,16.87,16.44,16.87,,11,9.79,,18.4,,,,18.66,0.0,fba,USD,,B08XK18Y68,new_new,True,True,False,12,41422,
AJ-JJWX-ZCX2,True,6bcb6e01-bb5f-4dda-9d2c-b7e2a171dbc9,ATVPDKIKX0DER,12,2,12,2,20.1,19.49,20.1,,7,10.79,,20.11,,,,20.42,0.0,fba,USD,,B08XKJQLCF,new_new,True,True,False,4,102841,
HA-ZLCL-1KYZ,True,6bcb6e01-bb5f-4dda-9d2c-b7e2a171dbc9,ATVPDKIKX0DER,37,6,19,0,20.0,21.25,20.0,,6,14.97,21.89,24.47,,,,21.97,0.0,fba,USD,,B0084VBOTI,new_new,True,True,False,12,41211,
YY-5OQ2-TI5V,True,6bcb6e01-bb5f-4dda-9d2c-b7e2a171dbc9,ATVPDKIKX0DER,21,10,16,4,19.97,21.5,19.98,,25,10.62,,23.3,,,,23.53,0.0,fba,USD,,B08JVTQB1X,new_new,True,True,False,9,22529,
FH-JDP6-H8SI,True,6bcb6e01-bb5f-4dda-9d2c-b7e2a171dbc9,ATVPDKIKX0DER,4,8,4,7,19.75,19.18,19.75,,4,6.83,,16.54,,,,19.75,0.0,fba,USD,,B00A2EWPZC,new_new,True,True,False,2,110586,
FB-6UHS-VX1Q,True,6bcb6e01-bb5f-4dda-9d2c-b7e2a171dbc9,ATVPDKIKX0DER,34,4,18,2,16.19,16.1,16.99,,13,13.3,,23.1,,,,23.13,0.0,fba,USD,,B01M8G39OW,new_new,False,True,False,0,42072,
D0-FKWW-NCBE,True,6bcb6e01-bb5f-4dda-9d2c-b7e2a171dbc9,ATVPDKIKX0DER,10,15,0,0,7.99,8.16,7.99,,13,2.87,,7.14,,,,7.99,0.0,fba,USD,,B00EQF8TJE,new_new,True,True,False,2,88305,
IT-HMJZ-J2Q9,True,6bcb6e01-bb5f-4dda-9d2c-b7e2a171dbc9,ATVPDKIKX0DER,8,5,0,0,16.0,16.15,16.15,17.43,19,7.19,,14.73,,,,17.43,0.0,fba,USD,,B0017QK7A4,new_new,True,True,False,9,32614,
8Z-XOTK-GXBA,True,6bcb6e01-bb5f-4dda-9d2c-b7e2a171dbc9,ATVPDKIKX0DER,7,5,7,5,7.92,8.01,7.92,,12,3.51,1.0,7.98,,,,14.07,0.0,fba,USD,,B01FUQ4YUU,new_new,True,True,False,11,12803,
6G-9VVG-QT3S,True,6bcb6e01-bb5f-4dda-9d2c-b7e2a171dbc9,ATVPDKIKX0DER,6,8,0,0,23.95,24.45,28.55,,3,13.88,20.0,26.08,,,,34.89,0.0,fba,USD,,B0BT56X26V,new_new,False,True,False,0,4626,
TH-77NR-VUGK,True,6bcb6e01-bb5f-4dda-9d2c-b7e2a171dbc9,ATVPDKIKX0DER,7,12,0,0,16.5,19.87,16.56,,9,5.69,7.19,14.93,,,,16.56,0.0,fba,USD,,B07N4HFFDP,new_new,True,True,False,3,190039,
0B-GHAY-RRZB,False,6bcb6e01-bb5f-4dda-9d2c-b7e2a171dbc9,ATVPDKIKX0DER,11,7,11,6,21.22,20.17,20.17,21.22,0,10.32,1.0,20.44,,,,22.98,0.0,fba,USD,,B07766PLWB,new_new,False,True,False,0,16482,
LW-I4LZ-BR2O,False,6bcb6e01-bb5f-4dda-9d2c-b7e2a171dbc9,ATVPDKIKX0DER,39,23,10,5,21.76,24.03,25.85,,0,12.0,,21.97,,,,32.96,0.0,fba,USD,,B07ZK39HVP,new_new,False,True,False,0,26850,
DH-NHRJ-54M4,False,6bcb6e01-bb5f-4dda-9d2c-b7e2a171dbc9,ATVPDKIKX0DER,35,12,16,4,22.63,24.99,22.63,27.4,0,12.0,,21.97,,,,32.96,0.0,fba,USD,,B09XFDB61N,new_new,False,True,False,0,7850,
CQ-KUZH-BKDY,True,6bcb6e01-bb5f-4dda-9d2c-b7e2a171dbc9,ATVPDKIKX0DER,29,5,17,3,9.99,11.0,9.99,,4,5.44,,11.28,,,,11.5,0.0,fba,USD,,B0DBHT3W6T,new_new,True,True,False,13,31933,
1Q-CXIZ-1F3I,False,6bcb6e01-bb5f-4dda-9d2c-b7e2a171dbc9,ATVPDKIKX0DER,17,13,0,0,30.45,30.45,30.47,,0,16.85,,30.65,,,,38.31,0.0,fba,USD,,B092N1D95M,new_new,False,True,False,0,26342,
UC-F5NH-7FIW,True,6bcb6e01-bb5f-4dda-9d2c-b7e2a171dbc9,ATVPDKIKX0DER,25,2,19,1,14.23,17.59,14.23,17.01,31,9.89,,19.83,,,,19.86,0.0,fba,USD,,B00GN6P3DE,new_new,True,True,False,12,19256,
TD-WBUS-BROW,True,6bcb6e01-bb5f-4dda-9d2c-b7e2a171dbc9,ATVPDKIKX0DER,14,3,14,3,17.95,11.99,11.99,,5,8.49,,18.65,,,,18.7,0.0,fba,USD,,B08QLFD7WX,new_new,True,True,False,3,36552,
MP-WQQB-MX7G,True,6bcb6e01-bb5f-4dda-9d2c-b7e2a171dbc9,ATVPDKIKX0DER,29,7,0,0,7.61,13.5,,,29,5.22,,11.95,,,,11.95,0.0,fba,USD,,B0824D5FL3,new_new,True,False,False,2,78390,
FQ-0YDI-RDXL,False,6bcb6e01-bb5f-4dda-9d2c-b7e2a171dbc9,ATVPDKIKX0DER,42,16,10,10,17.21,17.29,17.29,19.1,0,7.91,,16.51,,,,22.16,0.0,fba,USD,,B07H37L9XM,new_new,False,True,False,0,39823,
FO-RTFC-PCPL,True,6bcb6e01-bb5f-4dda-9d2c-b7e2a171dbc9,ATVPDKIKX0DER,28,9,15,5,18.68,17.0,17.0,18.68,4,12.36,,21.04,,,,21.12,0.0,fba,USD,,B0CCZMBZYT,new_new,False,True,False,0,92012,
XA-O3ZL-H2ZT,False,6bcb6e01-bb5f-4dda-9d2c-b7e2a171dbc9,ATVPDKIKX0DER,10,2,10,2,9.69,12.99,9.99,,0,4.05,,8.9,,,,9.99,0.0,fba,USD,,B0BCXXP6Y9,new_new,False,True,False,0,83532,
SI-IBKV-UTAL,True,6bcb6e01-bb5f-4dda-9d2c-b7e2a171dbc9,ATVPDKIKX0DER,38,5,19,1,9.0,9.0,9.0,,20,4.05,,8.68,,,,9.0,0.0,fba,USD,,B0BCXTTY83,new_new,True,True,False,7,36836,
KY-TKZN-NV0M,False,6bcb6e01-bb5f-4dda-9d2c-b7e2a171dbc9,ATVPDKIKX0DER,0,1,0,0,,21.21,,,0,4.05,,8.9,,,,12.98,0.0,fba,USD,,B0BCXXBT7V,new_new,False,False,False,0,67613,
AV-QY8S-U4R9,True,6bcb6e01-bb5f-4dda-9d2c-b7e2a171dbc9,ATVPDKIKX0DER,26,1,19,1,8.39,13.99,8.39,,4,7.97,1.0,16.13,,,,8.39,0.0,fba,USD,,B09JS8N927,new_new,True,True,False,2,68896,
5K-PIIM-4ZHM,False,6bcb6e01-bb5f-4dda-9d2c-b7e2a171dbc9,ATVPDKIKX0DER,10,10,0,0,7.44,7.44,7.44,,0,3.89,7.0,8.74,,,,14.25,0.0,fba,USD,,B0B89ZZSBH,new_new,False,True,False,0,44708,
O6-LJUK-XUWJ,False,6bcb6e01-bb5f-4dda-9d2c-b7e2a171dbc9,ATVPDKIKX0DER,13,6,0,0,19.99,23.99,,,0,12.46,,24.19,,,,24.19,0.0,fba,USD,,B079KTRBDT,new_new,False,False,False,0,58532,
J5-JD3L-1XIN,False,6bcb6e01-bb5f-4dda-9d2c-b7e2a171dbc9,ATVPDKIKX0DER,51,21,15,5,13.63,14.18,13.63,,0,3.91,,11.1,,,,16.65,0.0,fba,USD,,B08XK3M9J1,new_new,False,True,False,0,9824,
EE-JDJH-9A2R,True,6bcb6e01-bb5f-4dda-9d2c-b7e2a171dbc9,ATVPDKIKX0DER,13,13,13,7,20.64,20.34,20.9,,10,10.49,,20.68,,,,20.9,0.0,fba,USD,,B0861S6JHV,new_new,True,True,False,4,66823,
96-JGF5-EBBY,True,6bcb6e01-bb5f-4dda-9d2c-b7e2a171dbc9,ATVPDKIKX0DER,22,2,18,2,9.35,9.35,9.35,,16,7.73,,14.59,,,,14.74,0.0,fba,USD,,B0829BJGKT,new_new,True,True,False,15,19914,
48-52CZ-5QNC,True,6bcb6e01-bb5f-4dda-9d2c-b7e2a171dbc9,ATVPDKIKX0DER,37,8,17,3,16.5,16.68,16.51,,18,8.32,1.0,16.2,,,,19.0,0.0,fba,USD,,B009SKX8MA,new_new,False,True,False,0,105803,
T6-RI0B-MIO3,True,6bcb6e01-bb5f-4dda-9d2c-b7e2a171dbc9,ATVPDKIKX0DER,11,0,0,0,14.2,,14.2,,31,4.5,,9.03,,,,14.2,0.0,fba,USD,,B06XZ3GZQM,new_new,True,True,False,3,47846,
SX-02LO-MLAZ,True,6bcb6e01-bb5f-4dda-9d2c-b7e2a171dbc9,ATVPDKIKX0DER,6,3,0,0,14.96,15.28,14.96,,51,3.5,,9.56,,,,14.96,0.0,fba,USD,,B00M3TAON4,new_new,True,True,False,1,35619,
CU-JR0R-EPGZ,True,6bcb6e01-bb5f-4dda-9d2c-b7e2a171dbc9,ATVPDKIKX0DER,13,0,13,0,11.2,,11.2,,30,4.25,,8.7,,,,19.97,0.0,fba,USD,,B00FR6UYEO,new_new,True,True,False,12,43130,
3E-MP7M-Q14H,True,6bcb6e01-bb5f-4dda-9d2c-b7e2a171dbc9,ATVPDKIKX0DER,9,4,0,0,7.14,7.85,7.14,,26,2.5,,6.66,,,,14.99,0.0,fba,USD,,B000CSDDDG,new_new,True,True,False,12,23385,
Z3-27U6-DH3B,True,6bcb6e01-bb5f-4dda-9d2c-b7e2a171dbc9,ATVPDKIKX0DER,12,0,12,0,19.5,,19.52,20.49,50,6.8,,15.91,,,,26.29,0.0,fba,USD,,B0847S71K6,new_new,True,True,False,10,17825,
CR-L9I6-X2OX,False,6bcb6e01-bb5f-4dda-9d2c-b7e2a171dbc9,ATVPDKIKX0DER,25,7,15,5,16.11,16.99,16.13,,0,5.87,,14.5,,,,21.75,0.0,fba,USD,,B07MWF1956,new_new,False,True,False,0,73809,
GP-LPYY-4YRL,False,6bcb6e01-bb5f-4dda-9d2c-b7e2a171dbc9,ATVPDKIKX0DER,37,27,15,4,12.5,12.8,,,0,4.89,,9.13,,,,9.13,0.0,fba,USD,,B006K24ZWQ,new_new,False,False,False,0,9051,
PS-RE7Q-TKRU,False,6bcb6e01-bb5f-4dda-9d2c-b7e2a171dbc9,ATVPDKIKX0DER,31,12,17,2,58.98,59.0,59.0,64.08,0,37.73,,63.45,,,,95.18,0.0,fba,USD,,B003JV7X02,new_new,False,True,False,0,73079,
OC-8T20-OSPY,False,6bcb6e01-bb5f-4dda-9d2c-b7e2a171dbc9,ATVPDKIKX0DER,15,4,15,3,17.13,16.85,17.5,,0,6.51,,14.45,,,,23.99,0.0,fba,USD,,B019GMPQWE,new_new,False,True,False,0,76633,
JA-LPH1-HWUV,False,6bcb6e01-bb5f-4dda-9d2c-b7e2a171dbc9,ATVPDKIKX0DER,23,9,13,7,22.95,21.95,23.81,,0,11.9,,22.38,,,,28.57,0.0,fba,USD,,B00RXYPJZM,new_new,False,True,False,0,20977,
ID-4IGL-KIG0,True,6bcb6e01-bb5f-4dda-9d2c-b7e2a171dbc9,ATVPDKIKX0DER,0,0,0,0,,,,,1,11.96,,22.23,,,,33.35,0.0,fba,USD,,B07MYBWV4X,new_new,False,False,False,0,93447,
FT-VCYU-JFDB,True,6bcb6e01-bb5f-4dda-9d2c-b7e2a171dbc9,ATVPDKIKX0DER,7,1,0,0,19.8,20.5,20.5,,7,5.9,,12.65,,,,22.17,0.0,fba,USD,,B07MSJV32N,new_new,False,True,False,0,56995,
FH-EY5B-KEAV,False,6bcb6e01-bb5f-4dda-9d2c-b7e2a171dbc9,ATVPDKIKX0DER,12,16,8,11,21.0,21.0,21.19,,0,9.9,,21.05,,,,31.58,0.0,fba,USD,,B07JPM7X35,new_new,False,True,False,0,41667,
3O-QAPU-7T6I,True,6bcb6e01-bb5f-4dda-9d2c-b7e2a171dbc9,ATVPDKIKX0DER,16,8,16,4,19.27,19.27,19.27,,14,13.99,,23.66,,,,23.79,0.0,fba,USD,,B0CVNMX3YD,new_new,True,True,False,7,23285,
YW-JHGO-YGUE,False,6bcb6e01-bb5f-4dda-9d2c-b7e2a171dbc9,ATVPDKIKX0DER,1,1,0,0,34.95,36.1,,,0,6.52,,15.9,,,,36.09,0.0,fba,USD,,B0C3216HJ2,new_new,False,False,False,0,125457,
YR-OIDD-F9JT,True,6bcb6e01-bb5f-4dda-9d2c-b7e2a171dbc9,ATVPDKIKX0DER,35,12,14,6,29.99,31.32,32.44,,5,16.32,,29.53,,,,44.3,0.0,fba,USD,,B004ZAKHHM,new_new,False,True,False,0,10571,
P2-LT04-IHII,True,6bcb6e01-bb5f-4dda-9d2c-b7e2a171dbc9,ATVPDKIKX0DER,18,6,0,0,9.99,19.0,9.99,,31,8.64,,17.08,,,,17.08,0.0,fba,USD,,B07MRG8X6X,new_new,True,True,False,10,22380,
KL-QKT0-WQLE,True,6bcb6e01-bb5f-4dda-9d2c-b7e2a171dbc9,ATVPDKIKX0DER,29,9,17,3,11.2,10.48,10.48,11.27,7,4.9,,11.24,,,,11.27,0.0,fba,USD,,B0CMVL597V,new_new,True,True,False,4,71543,
DR-X8YH-0SQS,True,6bcb6e01-bb5f-4dda-9d2c-b7e2a171dbc9,ATVPDKIKX0DER,19,9,15,4,21.15,23.09,21.21,22.5,21,9.99,,18.98,,,,22.5,0.0,fba,USD,,B002FZAVOS,new_new,True,True,False,2,40224,
RZ-UA1T-Q14H,False,6bcb6e01-bb5f-4dda-9d2c-b7e2a171dbc9,ATVPDKIKX0DER,33,20,14,5,9.99,11.04,9.99,12.34,0,5.21,,12.02,,,,16.86,0.0,fba,USD,,B0199ARNWY,new_new,False,True,False,0,8984,
M0-056I-M9A0,False,6bcb6e01-bb5f-4dda-9d2c-b7e2a171dbc9,ATVPDKIKX0DER,13,5,13,5,14.29,13.74,14.54,,0,,,,,,,20.0,0.0,fba,USD,,B07VMT3KHD,new_new,False,True,False,0,29980,
G9-OMRL-QDXQ,False,6bcb6e01-bb5f-4dda-9d2c-b7e2a171dbc9,ATVPDKIKX0DER,15,2,0,0,7.99,7.95,7.99,,0,4.38,8.0,9.62,,,,14.5,0.0,fba,USD,,B0000CFH6O,new_new,False,True,False,0,14635,
T0-ATAL-U9RU,True,6bcb6e01-bb5f-4dda-9d2c-b7e2a171dbc9,ATVPDKIKX0DER,18,3,18,0,17.0,24.99,17.0,,23,9.6,17.0,18.14,,,,17.0,0.0,fba,USD,,B07JYLC3DK,new_new,True,True,False,3,21814,
FN-A7MI-5KKL,False,6bcb6e01-bb5f-4dda-9d2c-b7e2a171dbc9,ATVPDKIKX0DER,38,9,19,1,23.75,23.75,23.75,25.03,0,11.95,,22.16,,,,33.24,0.0,fba,USD,,B016V1Z3EY,new_new,False,True,False,0,61381,
BB-DFGA-R7PH,False,6bcb6e01-bb5f-4dda-9d2c-b7e2a171dbc9,ATVPDKIKX0DER,15,2,15,2,12.5,12.5,12.5,,0,2.98,,9.21,,,,14.99,0.0,fba,USD,,B07NPJ5N31,new_new,False,True,False,0,52244,
XL-OMLS-WA3Z,False,6bcb6e01-bb5f-4dda-9d2c-b7e2a171dbc9,ATVPDKIKX0DER,7,1,7,1,14.95,19.19,14.95,,0,5.16,,13.28,,,,19.92,0.0,fba,USD,,B00DF9E6ZI,new_new,False,True,False,0,58685,
D5-RX57-OXP5,False,6bcb6e01-bb5f-4dda-9d2c-b7e2a171dbc9,ATVPDKIKX0DER,20,11,9,8,25.0,24.23,25.0,27.8,0,19.75,,29.74,,,,28.71,0.0,mf,USD,,B085QHWCTF,new_new,False,True,False,0,18968,
3P-VET6-LS2Q,False,6bcb6e01-bb5f-4dda-9d2c-b7e2a171dbc9,ATVPDKIKX0DER,5,4,0,0,19.99,21.99,19.99,22.69,0,6.64,,15.63,,,,23.55,0.0,fba,USD,,B00N648M66,new_new,False,True,False,0,53122,
Y5-B0RO-V9T4,False,6bcb6e01-bb5f-4dda-9d2c-b7e2a171dbc9,ATVPDKIKX0DER,9,4,9,4,19.0,19.0,19.0,19.5,0,14.68,18.0,21.58,,,,19.0,0.0,mf,USD,,B0779FD6GX,new_new,False,True,False,0,33744,
RQ-7312-71VS,False,6bcb6e01-bb5f-4dda-9d2c-b7e2a171dbc9,ATVPDKIKX0DER,3,1,0,0,42.0,42.0,,,0,12.0,,17.64,,,,35.99,0.0,mf,USD,,B0B9SMXZR3,new_new,False,False,False,0,142496,
2Z-N1EO-6PX7,False,6bcb6e01-bb5f-4dda-9d2c-b7e2a171dbc9,ATVPDKIKX0DER,5,14,5,14,59.77,58.25,58.25,66.41,0,40.0,,68.63,,,,87.09,0.0,fba,USD,,B004BUYT9S,new_new,False,True,False,0,47193,
TH-IMRF-6531,False,6bcb6e01-bb5f-4dda-9d2c-b7e2a171dbc9,ATVPDKIKX0DER,3,15,0,0,23.8,23.79,23.8,25.99,0,8.93,,20.0,,,,45.48,0.0,fba,USD,,B083ZD1X9H,new_new,False,True,False,0,46789,
7D-8JV4-ZYJ7,False,6bcb6e01-bb5f-4dda-9d2c-b7e2a171dbc9,ATVPDKIKX0DER,12,13,10,9,11.97,10.89,11.97,,0,4.73,,11.24,,,,18.5,0.0,fba,USD,,B0D915GG43,new_new,False,True,False,0,50897,
5C-HIGM-91B4,False,6bcb6e01-bb5f-4dda-9d2c-b7e2a171dbc9,ATVPDKIKX0DER,18,10,12,4,45.79,43.99,45.79,,0,35.0,47.91,57.34,,,,71.87,0.0,fba,USD,,B01LVZ9MQW,new_new,False,True,False,0,51452,
2U-5KEA-202F,True,6bcb6e01-bb5f-4dda-9d2c-b7e2a171dbc9,ATVPDKIKX0DER,9,14,9,11,31.98,41.17,31.98,,3,19.98,32.0,35.51,,,,32.22,0.0,fba,USD,,B00EMKJKNC,new_new,True,True,False,4,6917,
1L-CDQL-HU09,False,6bcb6e01-bb5f-4dda-9d2c-b7e2a171dbc9,ATVPDKIKX0DER,2,11,2,10,18.95,19.99,24.8,,0,8.99,,19.09,,,,37.14,0.0,fba,USD,,B08RWRKBQS,new_new,False,True,False,0,9266,
2X-EBAM-MP5D,False,6bcb6e01-bb5f-4dda-9d2c-b7e2a171dbc9,ATVPDKIKX0DER,11,13,11,8,18.49,18.49,19.82,,0,9.99,19.9,20.56,,,,30.12,0.0,fba,USD,,B07SNV5HQB,new_new,False,True,False,0,16954,
YU-3L3T-R2OO,False,6bcb6e01-bb5f-4dda-9d2c-b7e2a171dbc9,ATVPDKIKX0DER,3,2,0,0,39.98,49.99,,,7,30.55,,44.92,,,,44.92,0.0,mf,USD,,B0BNW7M8TR,new_new,False,False,False,0,74133,
NE-1N8P-2TCJ,False,6bcb6e01-bb5f-4dda-9d2c-b7e2a171dbc9,ATVPDKIKX0DER,1,5,1,5,24.0,20.28,20.28,,0,13.78,16.9,20.26,,,,20.28,0.0,mf,USD,,B0BBSQ3G8T,new_new,False,True,False,0,48639,
4X-5LZS-69I0,False,6bcb6e01-bb5f-4dda-9d2c-b7e2a171dbc9,ATVPDKIKX0DER,7,3,0,0,8.3,9.98,,,1,3.58,,7.55,,,,7.36,0.0,fba,USD,,B000S83GO6,new_new,False,False,False,0,24256,
AI-5EYD-LZTQ,False,6bcb6e01-bb5f-4dda-9d2c-b7e2a171dbc9,ATVPDKIKX0DER,7,5,0,0,7.94,9.59,7.94,,0,3.2,3.0,7.75,,,,13.84,0.0,fba,USD,,B000WR4LM4,new_new,False,True,False,0,55084,
VO-VHCN-KUBQ,True,6bcb6e01-bb5f-4dda-9d2c-b7e2a171dbc9,ATVPDKIKX0DER,8,13,8,11,14.99,14.99,14.99,,10,6.52,,14.55,,,,35.11,0.0,fba,USD,,B087T3Z9XG,new_new,True,True,False,18,2112,
PF-OJPF-6KQB,False,6bcb6e01-bb5f-4dda-9d2c-b7e2a171dbc9,ATVPDKIKX0DER,36,17,18,2,6.76,7.2,6.76,,0,3.19,6.0,7.73,,,,9.5,0.0,fba,USD,,B07N3WTM6L,new_new,False,True,False,0,39423,
E8-0CCE-MTM2,False,6bcb6e01-bb5f-4dda-9d2c-b7e2a171dbc9,ATVPDKIKX0DER,19,4,17,0,29.0,29.83,29.0,,0,18.0,,26.47,,,,29.0,0.0,mf,USD,,B09XFCCC9B,new_new,False,True,False,0,20864,
W1-MSY3-TVDA,False,6bcb6e01-bb5f-4dda-9d2c-b7e2a171dbc9,ATVPDKIKX0DER,10,1,0,0,29.0,30.0,29.0,,0,18.0,,26.47,,,,29.0,0.0,mf,USD,,B0B9LG7VN9,new_new,False,True,False,0,27377,
IN-4W8P-USKJ,False,6bcb6e01-bb5f-4dda-9d2c-b7e2a171dbc9,ATVPDKIKX0DER,14,4,0,0,37.0,33.0,39.0,,0,18.0,,26.47,,,,39.0,0.0,mf,USD,,B0B9SNKMZ9,new_new,False,True,False,0,51746,
E7-UAB8-2I9L,True,6bcb6e01-bb5f-4dda-9d2c-b7e2a171dbc9,ATVPDKIKX0DER,14,12,12,8,42.99,42.99,42.99,,30,24.0,,41.18,,,,54.99,0.0,fba,USD,,B083XCF3TM,new_new,False,True,False,0,11512,
68-6PKS-5S6Q,False,6bcb6e01-bb5f-4dda-9d2c-b7e2a171dbc9,ATVPDKIKX0DER,17,5,16,1,36.0,35.7,38.55,40.5,0,12.0,21.97,21.97,,,,38.55,0.0,fba,USD,,B0BLP8MCQL,new_new,False,True,False,0,6228,
IP-HXJF-ES6Q,False,6bcb6e01-bb5f-4dda-9d2c-b7e2a171dbc9,ATVPDKIKX0DER,8,1,0,0,15.76,16.74,,,0,8.69,,12.77,,,,12.77,0.0,mf,USD,,B09SV8WPDM,new_new,False,False,False,0,171567,
HR-98S4-9ECL,False,6bcb6e01-bb5f-4dda-9d2c-b7e2a171dbc9,ATVPDKIKX0DER,4,7,4,7,35.89,31.0,31.0,36.01,0,12.78,,27.4,,,,42.0,0.0,fba,USD,,B001EQ4R7Q,new_new,False,True,False,0,18020,
G1-NXMG-AU2V,False,6bcb6e01-bb5f-4dda-9d2c-b7e2a171dbc9,ATVPDKIKX0DER,0,7,0,4,,32.28,32.28,32.28,0,16.8,25.0,23.71,,,,32.27,0.0,mf,USD,,B01N1MSDIA,new_new,False,True,False,0,41754,
FQ-DNGV-ABC9,False,6bcb6e01-bb5f-4dda-9d2c-b7e2a171dbc9,ATVPDKIKX0DER,7,4,0,0,26.86,26.25,27.46,29.98,0,18.0,26.0,26.47,,,,27.46,0.0,mf,USD,,B07S9X3RR5,new_new,False,True,False,0,29536,
AJ-9PUA-LU5H,False,6bcb6e01-bb5f-4dda-9d2c-b7e2a171dbc9,ATVPDKIKX0DER,9,2,0,0,29.97,32.8,29.97,,0,16.88,,24.82,,,,29.97,0.0,mf,USD,,B07KBV1MP6,new_new,False,True,False,0,58088,
95-AGQA-RYRS,False,6bcb6e01-bb5f-4dda-9d2c-b7e2a171dbc9,ATVPDKIKX0DER,19,4,0,0,36.77,34.0,40.0,,0,18.52,,27.23,,,,40.0,0.0,mf,USD,,B09MD6H8FH,new_new,False,True,False,0,13997,
7W-N6J4-RC2L,False,6bcb6e01-bb5f-4dda-9d2c-b7e2a171dbc9,ATVPDKIKX0DER,22,4,19,1,31.99,40.77,35.07,,0,17.98,,34.01,,,,43.99,0.0,fba,USD,,B001E5E33U,new_new,False,True,False,0,7970,
4O-XKWG-L091,False,6bcb6e01-bb5f-4dda-9d2c-b7e2a171dbc9,ATVPDKIKX0DER,12,5,12,4,8.79,9.15,8.79,,0,4.39,4.39,9.12,,,,19.98,0.0,fba,USD,,B08KYL8V1K,new_new,False,True,False,0,57022,
4B-1477-1BUD,False,6bcb6e01-bb5f-4dda-9d2c-b7e2a171dbc9,ATVPDKIKX0DER,20,2,18,2,13.91,17.92,13.92,,1,6.79,,14.87,,,,21.99,0.0,fba,USD,,B0C8Z9HPJ2,new_new,False,True,False,0,99107,
